"First Name","Last Name","User Name","Title"
"Test.User0011","","az\Test.User0011","Automation Test User"
"Test.User0012","","az\Test.User0012","Automation Test User"
"Test.User0013","","az\Test.User0013","Automation Test User"
"Test.User0014","","az\Test.User0014","Automation Test User"
"Test.User0015","","az\Test.User0015","Automation Test User"
"Test.User0016","","az\Test.User0016","Automation Test User"
"Test.User0017","","az\Test.User0017","Automation Test User"
"Test.User0018","","az\Test.User0018","Automation Test User"
"Test.User0019","","az\Test.User0019","Automation Test User"
"Test.User0020","","az\Test.User0020","Automation Test User"
"Test.User0021","","az\Test.User0021","Automation Test User"
"Test.User0022","","az\Test.User0022","Automation Test User"
"Test.User0023","","az\Test.User0023","Automation Test User"
"Test.User0024","","az\Test.User0024","Automation Test User"
"Test.User0025","","az\Test.User0025","Automation Test User"
"Test.User0026","","az\Test.User0026","Automation Test User"
"Test.User0027","","az\Test.User0027","Automation Test User"
"Test.User0028","","az\Test.User0028","Automation Test User"
"Test.User0029","","az\Test.User0029","Automation Test User"
"Test.User0030","","az\Test.User0030","Automation Test User"
"Test.User0031","","az\Test.User0031","Automation Test User"
"Test.User0032","","az\Test.User0032","Automation Test User"
"Test.User0033","","az\Test.User0033","Automation Test User"
"Test.User0034","","az\Test.User0034","Automation Test User"
"Test.User0035","","az\Test.User0035","Automation Test User"
"Test.User0036","","az\Test.User0036","Automation Test User"
"Test.User0037","","az\Test.User0037","Automation Test User"
"Test.User0038","","az\Test.User0038","Automation Test User"
"Test.User0039","","az\Test.User0039","Automation Test User"
"Test.User0040","","az\Test.User0040","Automation Test User"
"Test.User0041","","az\Test.User0041","Automation Test User"
"Test.User0042","","az\Test.User0042","Automation Test User"
"Test.User0043","","az\Test.User0043","Automation Test User"
"Test.User0044","","az\Test.User0044","Automation Test User"
"Test.User0045","","az\Test.User0045","Automation Test User"
"Test.User0046","","az\Test.User0046","Automation Test User"
"Test.User0047","","az\Test.User0047","Automation Test User"
"Test.User0048","","az\Test.User0048","Automation Test User"
"Test.User0049","","az\Test.User0049","Automation Test User"
"Test.User0050","","az\Test.User0050","Automation Test User"
"Test.User0051","","az\Test.User0051","Automation Test User"
"Test.User0052","","az\Test.User0052","Automation Test User"
"Test.User0053","","az\Test.User0053","Automation Test User"
"Test.User0054","","az\Test.User0054","Automation Test User"
"Test.User0055","","az\Test.User0055","Automation Test User"
"Test.User0056","","az\Test.User0056","Automation Test User"
"Test.User0057","","az\Test.User0057","Automation Test User"
"Test.User0058","","az\Test.User0058","Automation Test User"
"Test.User0059","","az\Test.User0059","Automation Test User"
"Test.User0060","","az\Test.User0060","Automation Test User"
"Test.User0061","","az\Test.User0061","Automation Test User"
"Test.User0062","","az\Test.User0062","Automation Test User"
"Test.User0063","","az\Test.User0063","Automation Test User"
"Test.User0064","","az\Test.User0064","Automation Test User"
"Test.User0065","","az\Test.User0065","Automation Test User"
"Test.User0066","","az\Test.User0066","Automation Test User"
"Test.User0067","","az\Test.User0067","Automation Test User"
"Test.User0068","","az\Test.User0068","Automation Test User"
"Test.User0069","","az\Test.User0069","Automation Test User"
"Test.User0070","","az\Test.User0070","Automation Test User"
"Test.User0071","","az\Test.User0071","Automation Test User"
"Test.User0072","","az\Test.User0072","Automation Test User"
"Test.User0073","","az\Test.User0073","Automation Test User"
"Test.User0074","","az\Test.User0074","Automation Test User"
"Test.User0075","","az\Test.User0075","Automation Test User"
"Test.User0076","","az\Test.User0076","Automation Test User"
"Test.User0077","","az\Test.User0077","Automation Test User"
"Test.User0078","","az\Test.User0078","Automation Test User"
"Test.User0079","","az\Test.User0079","Automation Test User"
"Test.User0080","","az\Test.User0080","Automation Test User"
"Test.User0081","","az\Test.User0081","Automation Test User"
"Test.User0082","","az\Test.User0082","Automation Test User"
"Test.User0083","","az\Test.User0083","Automation Test User"
"Test.User0084","","az\Test.User0084","Automation Test User"
"Test.User0085","","az\Test.User0085","Automation Test User"
"Test.User0086","","az\Test.User0086","Automation Test User"
"Test.User0087","","az\Test.User0087","Automation Test User"
"Test.User0088","","az\Test.User0088","Automation Test User"
"Test.User0089","","az\Test.User0089","Automation Test User"
"Test.User0090","","az\Test.User0090","Automation Test User"
"Test.User0091","","az\Test.User0091","Automation Test User"
"Test.User0092","","az\Test.User0092","Automation Test User"
"Test.User0093","","az\Test.User0093","Automation Test User"
"Test.User0094","","az\Test.User0094","Automation Test User"
"Test.User0095","","az\Test.User0095","Automation Test User"
"Test.User0096","","az\Test.User0096","Automation Test User"
"Test.User0097","","az\Test.User0097","Automation Test User"
"Test.User0098","","az\Test.User0098","Automation Test User"
"Test.User0099","","az\Test.User0099","Automation Test User"
"Test.User0100","","az\Test.User0100","Automation Test User"
"Test.User0101","","az\Test.User0101","Automation Test User"
"Test.User0102","","az\Test.User0102","Automation Test User"
"Test.User0103","","az\Test.User0103","Automation Test User"
"Test.User0104","","az\Test.User0104","Automation Test User"
"Test.User0105","","az\Test.User0105","Automation Test User"
"Test.User0106","","az\Test.User0106","Automation Test User"
"Test.User0107","","az\Test.User0107","Automation Test User"
"Test.User0108","","az\Test.User0108","Automation Test User"
"Test.User0109","","az\Test.User0109","Automation Test User"
"Test.User0110","","az\Test.User0110","Automation Test User"
"Test.User0111","","az\Test.User0111","Automation Test User"
"Test.User0112","","az\Test.User0112","Automation Test User"
"Test.User0113","","az\Test.User0113","Automation Test User"
"Test.User0114","","az\Test.User0114","Automation Test User"
"Test.User0115","","az\Test.User0115","Automation Test User"
"Test.User0116","","az\Test.User0116","Automation Test User"
"Test.User0117","","az\Test.User0117","Automation Test User"
"Test.User0118","","az\Test.User0118","Automation Test User"
"Test.User0119","","az\Test.User0119","Automation Test User"
"Test.User0120","","az\Test.User0120","Automation Test User"
"Test.User0121","","az\Test.User0121","Automation Test User"
"Test.User0122","","az\Test.User0122","Automation Test User"
"Test.User0123","","az\Test.User0123","Automation Test User"
"Test.User0124","","az\Test.User0124","Automation Test User"
"Test.User0125","","az\Test.User0125","Automation Test User"
"Test.User0126","","az\Test.User0126","Automation Test User"
"Test.User0127","","az\Test.User0127","Automation Test User"
"Test.User0128","","az\Test.User0128","Automation Test User"
"Test.User0129","","az\Test.User0129","Automation Test User"
"Test.User0130","","az\Test.User0130","Automation Test User"
"Test.User0131","","az\Test.User0131","Automation Test User"
"Test.User0132","","az\Test.User0132","Automation Test User"
"Test.User0133","","az\Test.User0133","Automation Test User"
"Test.User0134","","az\Test.User0134","Automation Test User"
"Test.User0135","","az\Test.User0135","Automation Test User"
"Test.User0136","","az\Test.User0136","Automation Test User"
"Test.User0137","","az\Test.User0137","Automation Test User"
"Test.User0138","","az\Test.User0138","Automation Test User"
"Test.User0139","","az\Test.User0139","Automation Test User"
"Test.User0140","","az\Test.User0140","Automation Test User"
"Test.User0141","","az\Test.User0141","Automation Test User"
"Test.User0142","","az\Test.User0142","Automation Test User"
"Test.User0143","","az\Test.User0143","Automation Test User"
"Test.User0144","","az\Test.User0144","Automation Test User"
"Test.User0145","","az\Test.User0145","Automation Test User"
"Test.User0146","","az\Test.User0146","Automation Test User"
"Test.User0147","","az\Test.User0147","Automation Test User"
"Test.User0148","","az\Test.User0148","Automation Test User"
"Test.User0149","","az\Test.User0149","Automation Test User"
"Test.User0150","","az\Test.User0150","Automation Test User"
"Test.User0151","","az\Test.User0151","Automation Test User"
"Test.User0152","","az\Test.User0152","Automation Test User"
"Test.User0153","","az\Test.User0153","Automation Test User"
"Test.User0154","","az\Test.User0154","Automation Test User"
"Test.User0155","","az\Test.User0155","Automation Test User"
"Test.User0156","","az\Test.User0156","Automation Test User"
"Test.User0157","","az\Test.User0157","Automation Test User"
"Test.User0158","","az\Test.User0158","Automation Test User"
"Test.User0159","","az\Test.User0159","Automation Test User"
"Test.User0160","","az\Test.User0160","Automation Test User"
"Test.User0161","","az\Test.User0161","Automation Test User"
"Test.User0162","","az\Test.User0162","Automation Test User"
"Test.User0163","","az\Test.User0163","Automation Test User"
"Test.User0164","","az\Test.User0164","Automation Test User"
"Test.User0165","","az\Test.User0165","Automation Test User"
"Test.User0166","","az\Test.User0166","Automation Test User"
"Test.User0167","","az\Test.User0167","Automation Test User"
"Test.User0168","","az\Test.User0168","Automation Test User"
"Test.User0169","","az\Test.User0169","Automation Test User"
"Test.User0170","","az\Test.User0170","Automation Test User"
"Test.User0171","","az\Test.User0171","Automation Test User"
"Test.User0172","","az\Test.User0172","Automation Test User"
"Test.User0173","","az\Test.User0173","Automation Test User"
"Test.User0174","","az\Test.User0174","Automation Test User"
"Test.User0175","","az\Test.User0175","Automation Test User"
"Test.User0176","","az\Test.User0176","Automation Test User"
"Test.User0177","","az\Test.User0177","Automation Test User"
"Test.User0178","","az\Test.User0178","Automation Test User"
"Test.User0179","","az\Test.User0179","Automation Test User"
"Test.User0180","","az\Test.User0180","Automation Test User"
"Test.User0181","","az\Test.User0181","Automation Test User"
"Test.User0182","","az\Test.User0182","Automation Test User"
"Test.User0183","","az\Test.User0183","Automation Test User"
"Test.User0184","","az\Test.User0184","Automation Test User"
"Test.User0185","","az\Test.User0185","Automation Test User"
"Test.User0186","","az\Test.User0186","Automation Test User"
"Test.User0187","","az\Test.User0187","Automation Test User"
"Test.User0188","","az\Test.User0188","Automation Test User"
"Test.User0189","","az\Test.User0189","Automation Test User"
"Test.User0190","","az\Test.User0190","Automation Test User"
"Test.User0191","","az\Test.User0191","Automation Test User"
"Test.User0192","","az\Test.User0192","Automation Test User"
"Test.User0193","","az\Test.User0193","Automation Test User"
"Test.User0194","","az\Test.User0194","Automation Test User"
"Test.User0195","","az\Test.User0195","Automation Test User"
"Test.User0196","","az\Test.User0196","Automation Test User"
"Test.User0197","","az\Test.User0197","Automation Test User"
"Test.User0198","","az\Test.User0198","Automation Test User"
"Test.User0199","","az\Test.User0199","Automation Test User"
"Test.User0200","","az\Test.User0200","Automation Test User"
"Test.User0201","","az\Test.User0201","Automation Test User"
"Test.User0202","","az\Test.User0202","Automation Test User"
"Test.User0203","","az\Test.User0203","Automation Test User"
"Test.User0204","","az\Test.User0204","Automation Test User"
"Test.User0205","","az\Test.User0205","Automation Test User"
"Test.User0206","","az\Test.User0206","Automation Test User"
"Test.User0207","","az\Test.User0207","Automation Test User"
"Test.User0208","","az\Test.User0208","Automation Test User"
"Test.User0209","","az\Test.User0209","Automation Test User"
"Test.User0210","","az\Test.User0210","Automation Test User"
"Test.User0211","","az\Test.User0211","Automation Test User"
"Test.User0212","","az\Test.User0212","Automation Test User"
"Test.User0213","","az\Test.User0213","Automation Test User"
"Test.User0214","","az\Test.User0214","Automation Test User"
"Test.User0215","","az\Test.User0215","Automation Test User"
"Test.User0216","","az\Test.User0216","Automation Test User"
"Test.User0217","","az\Test.User0217","Automation Test User"
"Test.User0218","","az\Test.User0218","Automation Test User"
"Test.User0219","","az\Test.User0219","Automation Test User"
"Test.User0220","","az\Test.User0220","Automation Test User"
"Test.User0221","","az\Test.User0221","Automation Test User"
"Test.User0222","","az\Test.User0222","Automation Test User"
"Test.User0223","","az\Test.User0223","Automation Test User"
"Test.User0224","","az\Test.User0224","Automation Test User"
"Test.User0225","","az\Test.User0225","Automation Test User"
"Test.User0226","","az\Test.User0226","Automation Test User"
"Test.User0227","","az\Test.User0227","Automation Test User"
"Test.User0228","","az\Test.User0228","Automation Test User"
"Test.User0229","","az\Test.User0229","Automation Test User"
"Test.User0230","","az\Test.User0230","Automation Test User"
"Test.User0231","","az\Test.User0231","Automation Test User"
"Test.User0232","","az\Test.User0232","Automation Test User"
"Test.User0233","","az\Test.User0233","Automation Test User"
"Test.User0234","","az\Test.User0234","Automation Test User"
"Test.User0235","","az\Test.User0235","Automation Test User"
"Test.User0236","","az\Test.User0236","Automation Test User"
"Test.User0237","","az\Test.User0237","Automation Test User"
"Test.User0238","","az\Test.User0238","Automation Test User"
"Test.User0239","","az\Test.User0239","Automation Test User"
"Test.User0240","","az\Test.User0240","Automation Test User"
"Test.User0241","","az\Test.User0241","Automation Test User"
"Test.User0242","","az\Test.User0242","Automation Test User"
"Test.User0243","","az\Test.User0243","Automation Test User"
"Test.User0244","","az\Test.User0244","Automation Test User"
"Test.User0245","","az\Test.User0245","Automation Test User"
"Test.User0246","","az\Test.User0246","Automation Test User"
"Test.User0247","","az\Test.User0247","Automation Test User"
"Test.User0248","","az\Test.User0248","Automation Test User"
"Test.User0249","","az\Test.User0249","Automation Test User"
"Test.User0250","","az\Test.User0250","Automation Test User"
"Test.User0251","","az\Test.User0251","Automation Test User"
"Test.User0252","","az\Test.User0252","Automation Test User"
"Test.User0253","","az\Test.User0253","Automation Test User"
"Test.User0254","","az\Test.User0254","Automation Test User"
"Test.User0255","","az\Test.User0255","Automation Test User"
"Test.User0256","","az\Test.User0256","Automation Test User"
"Test.User0257","","az\Test.User0257","Automation Test User"
"Test.User0258","","az\Test.User0258","Automation Test User"
"Test.User0259","","az\Test.User0259","Automation Test User"
"Test.User0260","","az\Test.User0260","Automation Test User"
"Test.User0261","","az\Test.User0261","Automation Test User"
"Test.User0262","","az\Test.User0262","Automation Test User"
"Test.User0263","","az\Test.User0263","Automation Test User"
"Test.User0264","","az\Test.User0264","Automation Test User"
"Test.User0265","","az\Test.User0265","Automation Test User"
"Test.User0266","","az\Test.User0266","Automation Test User"
"Test.User0267","","az\Test.User0267","Automation Test User"
"Test.User0268","","az\Test.User0268","Automation Test User"
"Test.User0269","","az\Test.User0269","Automation Test User"
"Test.User0270","","az\Test.User0270","Automation Test User"
"Test.User0271","","az\Test.User0271","Automation Test User"
"Test.User0272","","az\Test.User0272","Automation Test User"
"Test.User0273","","az\Test.User0273","Automation Test User"
"Test.User0274","","az\Test.User0274","Automation Test User"
"Test.User0275","","az\Test.User0275","Automation Test User"
"Test.User0276","","az\Test.User0276","Automation Test User"
"Test.User0277","","az\Test.User0277","Automation Test User"
"Test.User0278","","az\Test.User0278","Automation Test User"
"Test.User0279","","az\Test.User0279","Automation Test User"
"Test.User0280","","az\Test.User0280","Automation Test User"
"Test.User0281","","az\Test.User0281","Automation Test User"
"Test.User0282","","az\Test.User0282","Automation Test User"
"Test.User0283","","az\Test.User0283","Automation Test User"
"Test.User0284","","az\Test.User0284","Automation Test User"
"Test.User0285","","az\Test.User0285","Automation Test User"
"Test.User0286","","az\Test.User0286","Automation Test User"
"Test.User0287","","az\Test.User0287","Automation Test User"
"Test.User0288","","az\Test.User0288","Automation Test User"
"Test.User0289","","az\Test.User0289","Automation Test User"
"Test.User0290","","az\Test.User0290","Automation Test User"
"Test.User0291","","az\Test.User0291","Automation Test User"
"Test.User0292","","az\Test.User0292","Automation Test User"
"Test.User0293","","az\Test.User0293","Automation Test User"
"Test.User0294","","az\Test.User0294","Automation Test User"
"Test.User0295","","az\Test.User0295","Automation Test User"
"Test.User0296","","az\Test.User0296","Automation Test User"
"Test.User0297","","az\Test.User0297","Automation Test User"
"Test.User0298","","az\Test.User0298","Automation Test User"
"Test.User0299","","az\Test.User0299","Automation Test User"
"Test.User0300","","az\Test.User0300","Automation Test User"
"Test.User0301","","az\Test.User0301","Automation Test User"
"Test.User0302","","az\Test.User0302","Automation Test User"
"Test.User0303","","az\Test.User0303","Automation Test User"
"Test.User0304","","az\Test.User0304","Automation Test User"
"Test.User0305","","az\Test.User0305","Automation Test User"
"Test.User0306","","az\Test.User0306","Automation Test User"
"Test.User0307","","az\Test.User0307","Automation Test User"
"Test.User0308","","az\Test.User0308","Automation Test User"
"Test.User0309","","az\Test.User0309","Automation Test User"
"Test.User0310","","az\Test.User0310","Automation Test User"
"Test.User0311","","az\Test.User0311","Automation Test User"
"Test.User0312","","az\Test.User0312","Automation Test User"
"Test.User0313","","az\Test.User0313","Automation Test User"
"Test.User0314","","az\Test.User0314","Automation Test User"
"Test.User0315","","az\Test.User0315","Automation Test User"
"Test.User0316","","az\Test.User0316","Automation Test User"
"Test.User0317","","az\Test.User0317","Automation Test User"
"Test.User0318","","az\Test.User0318","Automation Test User"
"Test.User0319","","az\Test.User0319","Automation Test User"
"Test.User0320","","az\Test.User0320","Automation Test User"
"Test.User0321","","az\Test.User0321","Automation Test User"
"Test.User0322","","az\Test.User0322","Automation Test User"
"Test.User0323","","az\Test.User0323","Automation Test User"
"Test.User0324","","az\Test.User0324","Automation Test User"
"Test.User0325","","az\Test.User0325","Automation Test User"
"Test.User0326","","az\Test.User0326","Automation Test User"
"Test.User0327","","az\Test.User0327","Automation Test User"
"Test.User0328","","az\Test.User0328","Automation Test User"
"Test.User0329","","az\Test.User0329","Automation Test User"
"Test.User0330","","az\Test.User0330","Automation Test User"
"Test.User0331","","az\Test.User0331","Automation Test User"
"Test.User0332","","az\Test.User0332","Automation Test User"
"Test.User0333","","az\Test.User0333","Automation Test User"
"Test.User0334","","az\Test.User0334","Automation Test User"
"Test.User0335","","az\Test.User0335","Automation Test User"
"Test.User0336","","az\Test.User0336","Automation Test User"
"Test.User0337","","az\Test.User0337","Automation Test User"
"Test.User0338","","az\Test.User0338","Automation Test User"
"Test.User0339","","az\Test.User0339","Automation Test User"
"Test.User0340","","az\Test.User0340","Automation Test User"
"Test.User0341","","az\Test.User0341","Automation Test User"
"Test.User0342","","az\Test.User0342","Automation Test User"
"Test.User0343","","az\Test.User0343","Automation Test User"
"Test.User0344","","az\Test.User0344","Automation Test User"
"Test.User0345","","az\Test.User0345","Automation Test User"
"Test.User0346","","az\Test.User0346","Automation Test User"
"Test.User0347","","az\Test.User0347","Automation Test User"
"Test.User0348","","az\Test.User0348","Automation Test User"
"Test.User0349","","az\Test.User0349","Automation Test User"
"Test.User0350","","az\Test.User0350","Automation Test User"
"Test.User0351","","az\Test.User0351","Automation Test User"
"Test.User0352","","az\Test.User0352","Automation Test User"
"Test.User0353","","az\Test.User0353","Automation Test User"
"Test.User0354","","az\Test.User0354","Automation Test User"
"Test.User0355","","az\Test.User0355","Automation Test User"
"Test.User0356","","az\Test.User0356","Automation Test User"
"Test.User0357","","az\Test.User0357","Automation Test User"
"Test.User0358","","az\Test.User0358","Automation Test User"
"Test.User0359","","az\Test.User0359","Automation Test User"
"Test.User0360","","az\Test.User0360","Automation Test User"
"Test.User0361","","az\Test.User0361","Automation Test User"
"Test.User0362","","az\Test.User0362","Automation Test User"
"Test.User0363","","az\Test.User0363","Automation Test User"
"Test.User0364","","az\Test.User0364","Automation Test User"
"Test.User0365","","az\Test.User0365","Automation Test User"
"Test.User0366","","az\Test.User0366","Automation Test User"
"Test.User0367","","az\Test.User0367","Automation Test User"
"Test.User0368","","az\Test.User0368","Automation Test User"
"Test.User0369","","az\Test.User0369","Automation Test User"
"Test.User0370","","az\Test.User0370","Automation Test User"
"Test.User0371","","az\Test.User0371","Automation Test User"
"Test.User0372","","az\Test.User0372","Automation Test User"
"Test.User0373","","az\Test.User0373","Automation Test User"
"Test.User0374","","az\Test.User0374","Automation Test User"
"Test.User0375","","az\Test.User0375","Automation Test User"
"Test.User0376","","az\Test.User0376","Automation Test User"
"Test.User0377","","az\Test.User0377","Automation Test User"
"Test.User0378","","az\Test.User0378","Automation Test User"
"Test.User0379","","az\Test.User0379","Automation Test User"
"Test.User0380","","az\Test.User0380","Automation Test User"
"Test.User0381","","az\Test.User0381","Automation Test User"
"Test.User0382","","az\Test.User0382","Automation Test User"
"Test.User0383","","az\Test.User0383","Automation Test User"
"Test.User0384","","az\Test.User0384","Automation Test User"
"Test.User0385","","az\Test.User0385","Automation Test User"
"Test.User0386","","az\Test.User0386","Automation Test User"
"Test.User0387","","az\Test.User0387","Automation Test User"
"Test.User0388","","az\Test.User0388","Automation Test User"
"Test.User0389","","az\Test.User0389","Automation Test User"
"Test.User0390","","az\Test.User0390","Automation Test User"
"Test.User0391","","az\Test.User0391","Automation Test User"
"Test.User0392","","az\Test.User0392","Automation Test User"
"Test.User0393","","az\Test.User0393","Automation Test User"
"Test.User0394","","az\Test.User0394","Automation Test User"
"Test.User0395","","az\Test.User0395","Automation Test User"
"Test.User0396","","az\Test.User0396","Automation Test User"
"Test.User0397","","az\Test.User0397","Automation Test User"
"Test.User0398","","az\Test.User0398","Automation Test User"
"Test.User0399","","az\Test.User0399","Automation Test User"
"Test.User0400","","az\Test.User0400","Automation Test User"
"Test.User0401","","az\Test.User0401","Automation Test User"
"Test.User0402","","az\Test.User0402","Automation Test User"
"Test.User0403","","az\Test.User0403","Automation Test User"
"Test.User0404","","az\Test.User0404","Automation Test User"
"Test.User0405","","az\Test.User0405","Automation Test User"
"Test.User0406","","az\Test.User0406","Automation Test User"
"Test.User0407","","az\Test.User0407","Automation Test User"
"Test.User0408","","az\Test.User0408","Automation Test User"
"Test.User0409","","az\Test.User0409","Automation Test User"
"Test.User0410","","az\Test.User0410","Automation Test User"
"Test.User0411","","az\Test.User0411","Automation Test User"
"Test.User0412","","az\Test.User0412","Automation Test User"
"Test.User0413","","az\Test.User0413","Automation Test User"
"Test.User0414","","az\Test.User0414","Automation Test User"
"Test.User0415","","az\Test.User0415","Automation Test User"
"Test.User0416","","az\Test.User0416","Automation Test User"
"Test.User0417","","az\Test.User0417","Automation Test User"
"Test.User0418","","az\Test.User0418","Automation Test User"
"Test.User0419","","az\Test.User0419","Automation Test User"
"Test.User0420","","az\Test.User0420","Automation Test User"
"Test.User0421","","az\Test.User0421","Automation Test User"
"Test.User0422","","az\Test.User0422","Automation Test User"
"Test.User0423","","az\Test.User0423","Automation Test User"
"Test.User0424","","az\Test.User0424","Automation Test User"
"Test.User0425","","az\Test.User0425","Automation Test User"
"Test.User0426","","az\Test.User0426","Automation Test User"
"Test.User0427","","az\Test.User0427","Automation Test User"
"Test.User0428","","az\Test.User0428","Automation Test User"
"Test.User0429","","az\Test.User0429","Automation Test User"
"Test.User0430","","az\Test.User0430","Automation Test User"
"Test.User0431","","az\Test.User0431","Automation Test User"
"Test.User0432","","az\Test.User0432","Automation Test User"
"Test.User0433","","az\Test.User0433","Automation Test User"
"Test.User0434","","az\Test.User0434","Automation Test User"
"Test.User0435","","az\Test.User0435","Automation Test User"
"Test.User0436","","az\Test.User0436","Automation Test User"
"Test.User0437","","az\Test.User0437","Automation Test User"
"Test.User0438","","az\Test.User0438","Automation Test User"
"Test.User0439","","az\Test.User0439","Automation Test User"
"Test.User0440","","az\Test.User0440","Automation Test User"
"Test.User0441","","az\Test.User0441","Automation Test User"
"Test.User0442","","az\Test.User0442","Automation Test User"
"Test.User0443","","az\Test.User0443","Automation Test User"
"Test.User0444","","az\Test.User0444","Automation Test User"
"Test.User0445","","az\Test.User0445","Automation Test User"
"Test.User0446","","az\Test.User0446","Automation Test User"
"Test.User0447","","az\Test.User0447","Automation Test User"
"Test.User0448","","az\Test.User0448","Automation Test User"
"Test.User0449","","az\Test.User0449","Automation Test User"
"Test.User0450","","az\Test.User0450","Automation Test User"
"Test.User0451","","az\Test.User0451","Automation Test User"
"Test.User0452","","az\Test.User0452","Automation Test User"
"Test.User0453","","az\Test.User0453","Automation Test User"
"Test.User0454","","az\Test.User0454","Automation Test User"
"Test.User0455","","az\Test.User0455","Automation Test User"
"Test.User0456","","az\Test.User0456","Automation Test User"
"Test.User0457","","az\Test.User0457","Automation Test User"
"Test.User0458","","az\Test.User0458","Automation Test User"
"Test.User0459","","az\Test.User0459","Automation Test User"
"Test.User0460","","az\Test.User0460","Automation Test User"
"Test.User0461","","az\Test.User0461","Automation Test User"
"Test.User0462","","az\Test.User0462","Automation Test User"
"Test.User0463","","az\Test.User0463","Automation Test User"
"Test.User0464","","az\Test.User0464","Automation Test User"
"Test.User0465","","az\Test.User0465","Automation Test User"
"Test.User0466","","az\Test.User0466","Automation Test User"
"Test.User0467","","az\Test.User0467","Automation Test User"
"Test.User0468","","az\Test.User0468","Automation Test User"
"Test.User0469","","az\Test.User0469","Automation Test User"
"Test.User0470","","az\Test.User0470","Automation Test User"
"Test.User0471","","az\Test.User0471","Automation Test User"
"Test.User0472","","az\Test.User0472","Automation Test User"
"Test.User0473","","az\Test.User0473","Automation Test User"
"Test.User0474","","az\Test.User0474","Automation Test User"
"Test.User0475","","az\Test.User0475","Automation Test User"
"Test.User0476","","az\Test.User0476","Automation Test User"
"Test.User0477","","az\Test.User0477","Automation Test User"
"Test.User0478","","az\Test.User0478","Automation Test User"
"Test.User0479","","az\Test.User0479","Automation Test User"
"Test.User0480","","az\Test.User0480","Automation Test User"
"Test.User0481","","az\Test.User0481","Automation Test User"
"Test.User0482","","az\Test.User0482","Automation Test User"
"Test.User0483","","az\Test.User0483","Automation Test User"
"Test.User0484","","az\Test.User0484","Automation Test User"
"Test.User0485","","az\Test.User0485","Automation Test User"
"Test.User0486","","az\Test.User0486","Automation Test User"
"Test.User0487","","az\Test.User0487","Automation Test User"
"Test.User0488","","az\Test.User0488","Automation Test User"
"Test.User0489","","az\Test.User0489","Automation Test User"
"Test.User0490","","az\Test.User0490","Automation Test User"
"Test.User0491","","az\Test.User0491","Automation Test User"
"Test.User0492","","az\Test.User0492","Automation Test User"
"Test.User0493","","az\Test.User0493","Automation Test User"
"Test.User0494","","az\Test.User0494","Automation Test User"
"Test.User0495","","az\Test.User0495","Automation Test User"
"Test.User0496","","az\Test.User0496","Automation Test User"
"Test.User0497","","az\Test.User0497","Automation Test User"
"Test.User0498","","az\Test.User0498","Automation Test User"
"Test.User0499","","az\Test.User0499","Automation Test User"
"Test.User0500","","az\Test.User0500","Automation Test User"
"Test.User0501","","az\Test.User0501","Automation Test User"
"Test.User0502","","az\Test.User0502","Automation Test User"
"Test.User0503","","az\Test.User0503","Automation Test User"
"Test.User0504","","az\Test.User0504","Automation Test User"
"Test.User0505","","az\Test.User0505","Automation Test User"
"Test.User0506","","az\Test.User0506","Automation Test User"
"Test.User0507","","az\Test.User0507","Automation Test User"
"Test.User0508","","az\Test.User0508","Automation Test User"
"Test.User0509","","az\Test.User0509","Automation Test User"
"Test.User0510","","az\Test.User0510","Automation Test User"
"Test.User0511","","az\Test.User0511","Automation Test User"
"Test.User0512","","az\Test.User0512","Automation Test User"
"Test.User0513","","az\Test.User0513","Automation Test User"
"Test.User0514","","az\Test.User0514","Automation Test User"
"Test.User0515","","az\Test.User0515","Automation Test User"
"Test.User0516","","az\Test.User0516","Automation Test User"
"Test.User0517","","az\Test.User0517","Automation Test User"
"Test.User0518","","az\Test.User0518","Automation Test User"
"Test.User0519","","az\Test.User0519","Automation Test User"
"Test.User0520","","az\Test.User0520","Automation Test User"
"Test.User0521","","az\Test.User0521","Automation Test User"
"Test.User0522","","az\Test.User0522","Automation Test User"
"Test.User0523","","az\Test.User0523","Automation Test User"
"Test.User0524","","az\Test.User0524","Automation Test User"
"Test.User0525","","az\Test.User0525","Automation Test User"
"Test.User0526","","az\Test.User0526","Automation Test User"
"Test.User0527","","az\Test.User0527","Automation Test User"
"Test.User0528","","az\Test.User0528","Automation Test User"
"Test.User0529","","az\Test.User0529","Automation Test User"
"Test.User0530","","az\Test.User0530","Automation Test User"
"Test.User0531","","az\Test.User0531","Automation Test User"
"Test.User0532","","az\Test.User0532","Automation Test User"
"Test.User0533","","az\Test.User0533","Automation Test User"
"Test.User0534","","az\Test.User0534","Automation Test User"
"Test.User0535","","az\Test.User0535","Automation Test User"
"Test.User0536","","az\Test.User0536","Automation Test User"
"Test.User0537","","az\Test.User0537","Automation Test User"
"Test.User0538","","az\Test.User0538","Automation Test User"
"Test.User0539","","az\Test.User0539","Automation Test User"
"Test.User0540","","az\Test.User0540","Automation Test User"
"Test.User0541","","az\Test.User0541","Automation Test User"
"Test.User0542","","az\Test.User0542","Automation Test User"
"Test.User0543","","az\Test.User0543","Automation Test User"
"Test.User0544","","az\Test.User0544","Automation Test User"
"Test.User0545","","az\Test.User0545","Automation Test User"
"Test.User0546","","az\Test.User0546","Automation Test User"
"Test.User0547","","az\Test.User0547","Automation Test User"
"Test.User0548","","az\Test.User0548","Automation Test User"
"Test.User0549","","az\Test.User0549","Automation Test User"
"Test.User0550","","az\Test.User0550","Automation Test User"
"Test.User0551","","az\Test.User0551","Automation Test User"
"Test.User0552","","az\Test.User0552","Automation Test User"
"Test.User0553","","az\Test.User0553","Automation Test User"
"Test.User0554","","az\Test.User0554","Automation Test User"
"Test.User0555","","az\Test.User0555","Automation Test User"
"Test.User0556","","az\Test.User0556","Automation Test User"
"Test.User0557","","az\Test.User0557","Automation Test User"
"Test.User0558","","az\Test.User0558","Automation Test User"
"Test.User0559","","az\Test.User0559","Automation Test User"
"Test.User0560","","az\Test.User0560","Automation Test User"
"Test.User0561","","az\Test.User0561","Automation Test User"
"Test.User0562","","az\Test.User0562","Automation Test User"
"Test.User0563","","az\Test.User0563","Automation Test User"
"Test.User0564","","az\Test.User0564","Automation Test User"
"Test.User0565","","az\Test.User0565","Automation Test User"
"Test.User0566","","az\Test.User0566","Automation Test User"
"Test.User0567","","az\Test.User0567","Automation Test User"
"Test.User0568","","az\Test.User0568","Automation Test User"
"Test.User0569","","az\Test.User0569","Automation Test User"
"Test.User0570","","az\Test.User0570","Automation Test User"
"Test.User0571","","az\Test.User0571","Automation Test User"
"Test.User0572","","az\Test.User0572","Automation Test User"
"Test.User0573","","az\Test.User0573","Automation Test User"
"Test.User0574","","az\Test.User0574","Automation Test User"
"Test.User0575","","az\Test.User0575","Automation Test User"
"Test.User0576","","az\Test.User0576","Automation Test User"
"Test.User0577","","az\Test.User0577","Automation Test User"
"Test.User0578","","az\Test.User0578","Automation Test User"
"Test.User0579","","az\Test.User0579","Automation Test User"
"Test.User0580","","az\Test.User0580","Automation Test User"
"Test.User0581","","az\Test.User0581","Automation Test User"
"Test.User0582","","az\Test.User0582","Automation Test User"
"Test.User0583","","az\Test.User0583","Automation Test User"
"Test.User0584","","az\Test.User0584","Automation Test User"
"Test.User0585","","az\Test.User0585","Automation Test User"
"Test.User0586","","az\Test.User0586","Automation Test User"
"Test.User0587","","az\Test.User0587","Automation Test User"
"Test.User0588","","az\Test.User0588","Automation Test User"
"Test.User0589","","az\Test.User0589","Automation Test User"
"Test.User0590","","az\Test.User0590","Automation Test User"
"Test.User0591","","az\Test.User0591","Automation Test User"
"Test.User0592","","az\Test.User0592","Automation Test User"
"Test.User0593","","az\Test.User0593","Automation Test User"
"Test.User0594","","az\Test.User0594","Automation Test User"
"Test.User0595","","az\Test.User0595","Automation Test User"
"Test.User0596","","az\Test.User0596","Automation Test User"
"Test.User0597","","az\Test.User0597","Automation Test User"
"Test.User0598","","az\Test.User0598","Automation Test User"
"Test.User0599","","az\Test.User0599","Automation Test User"
"Test.User0600","","az\Test.User0600","Automation Test User"
"Test.User0601","","az\Test.User0601","Automation Test User"
"Test.User0602","","az\Test.User0602","Automation Test User"
"Test.User0603","","az\Test.User0603","Automation Test User"
"Test.User0604","","az\Test.User0604","Automation Test User"
"Test.User0605","","az\Test.User0605","Automation Test User"
"Test.User0606","","az\Test.User0606","Automation Test User"
"Test.User0607","","az\Test.User0607","Automation Test User"
"Test.User0608","","az\Test.User0608","Automation Test User"
"Test.User0609","","az\Test.User0609","Automation Test User"
"Test.User0610","","az\Test.User0610","Automation Test User"
"Test.User0611","","az\Test.User0611","Automation Test User"
"Test.User0612","","az\Test.User0612","Automation Test User"
"Test.User0613","","az\Test.User0613","Automation Test User"
"Test.User0614","","az\Test.User0614","Automation Test User"
"Test.User0615","","az\Test.User0615","Automation Test User"
"Test.User0616","","az\Test.User0616","Automation Test User"
"Test.User0617","","az\Test.User0617","Automation Test User"
"Test.User0618","","az\Test.User0618","Automation Test User"
"Test.User0619","","az\Test.User0619","Automation Test User"
"Test.User0620","","az\Test.User0620","Automation Test User"
"Test.User0621","","az\Test.User0621","Automation Test User"
"Test.User0622","","az\Test.User0622","Automation Test User"
"Test.User0623","","az\Test.User0623","Automation Test User"
"Test.User0624","","az\Test.User0624","Automation Test User"
"Test.User0625","","az\Test.User0625","Automation Test User"
"Test.User0626","","az\Test.User0626","Automation Test User"
"Test.User0627","","az\Test.User0627","Automation Test User"
"Test.User0628","","az\Test.User0628","Automation Test User"
"Test.User0629","","az\Test.User0629","Automation Test User"
"Test.User0630","","az\Test.User0630","Automation Test User"
"Test.User0631","","az\Test.User0631","Automation Test User"
"Test.User0632","","az\Test.User0632","Automation Test User"
"Test.User0633","","az\Test.User0633","Automation Test User"
"Test.User0634","","az\Test.User0634","Automation Test User"
"Test.User0635","","az\Test.User0635","Automation Test User"
"Test.User0636","","az\Test.User0636","Automation Test User"
"Test.User0637","","az\Test.User0637","Automation Test User"
"Test.User0638","","az\Test.User0638","Automation Test User"
"Test.User0639","","az\Test.User0639","Automation Test User"
"Test.User0640","","az\Test.User0640","Automation Test User"
"Test.User0641","","az\Test.User0641","Automation Test User"
"Test.User0642","","az\Test.User0642","Automation Test User"
"Test.User0643","","az\Test.User0643","Automation Test User"
"Test.User0644","","az\Test.User0644","Automation Test User"
"Test.User0645","","az\Test.User0645","Automation Test User"
"Test.User0646","","az\Test.User0646","Automation Test User"
"Test.User0647","","az\Test.User0647","Automation Test User"
"Test.User0648","","az\Test.User0648","Automation Test User"
"Test.User0649","","az\Test.User0649","Automation Test User"
"Test.User0650","","az\Test.User0650","Automation Test User"
"Test.User0651","","az\Test.User0651","Automation Test User"
"Test.User0652","","az\Test.User0652","Automation Test User"
"Test.User0653","","az\Test.User0653","Automation Test User"
"Test.User0654","","az\Test.User0654","Automation Test User"
"Test.User0655","","az\Test.User0655","Automation Test User"
"Test.User0656","","az\Test.User0656","Automation Test User"
"Test.User0657","","az\Test.User0657","Automation Test User"
"Test.User0658","","az\Test.User0658","Automation Test User"
"Test.User0659","","az\Test.User0659","Automation Test User"
"Test.User0660","","az\Test.User0660","Automation Test User"
"Test.User0661","","az\Test.User0661","Automation Test User"
"Test.User0662","","az\Test.User0662","Automation Test User"
"Test.User0663","","az\Test.User0663","Automation Test User"
"Test.User0664","","az\Test.User0664","Automation Test User"
"Test.User0665","","az\Test.User0665","Automation Test User"
"Test.User0666","","az\Test.User0666","Automation Test User"
"Test.User0667","","az\Test.User0667","Automation Test User"
"Test.User0668","","az\Test.User0668","Automation Test User"
"Test.User0669","","az\Test.User0669","Automation Test User"
"Test.User0670","","az\Test.User0670","Automation Test User"
"Test.User0671","","az\Test.User0671","Automation Test User"
"Test.User0672","","az\Test.User0672","Automation Test User"
"Test.User0673","","az\Test.User0673","Automation Test User"
"Test.User0674","","az\Test.User0674","Automation Test User"
"Test.User0675","","az\Test.User0675","Automation Test User"
"Test.User0676","","az\Test.User0676","Automation Test User"
"Test.User0677","","az\Test.User0677","Automation Test User"
"Test.User0678","","az\Test.User0678","Automation Test User"
"Test.User0679","","az\Test.User0679","Automation Test User"
"Test.User0680","","az\Test.User0680","Automation Test User"
"Test.User0681","","az\Test.User0681","Automation Test User"
"Test.User0682","","az\Test.User0682","Automation Test User"
"Test.User0683","","az\Test.User0683","Automation Test User"
"Test.User0684","","az\Test.User0684","Automation Test User"
"Test.User0685","","az\Test.User0685","Automation Test User"
"Test.User0686","","az\Test.User0686","Automation Test User"
"Test.User0687","","az\Test.User0687","Automation Test User"
"Test.User0688","","az\Test.User0688","Automation Test User"
"Test.User0689","","az\Test.User0689","Automation Test User"
"Test.User0690","","az\Test.User0690","Automation Test User"
"Test.User0691","","az\Test.User0691","Automation Test User"
"Test.User0692","","az\Test.User0692","Automation Test User"
"Test.User0693","","az\Test.User0693","Automation Test User"
"Test.User0694","","az\Test.User0694","Automation Test User"
"Test.User0695","","az\Test.User0695","Automation Test User"
"Test.User0696","","az\Test.User0696","Automation Test User"
"Test.User0697","","az\Test.User0697","Automation Test User"
"Test.User0698","","az\Test.User0698","Automation Test User"
"Test.User0699","","az\Test.User0699","Automation Test User"
"Test.User0700","","az\Test.User0700","Automation Test User"
"Test.User0701","","az\Test.User0701","Automation Test User"
"Test.User0702","","az\Test.User0702","Automation Test User"
"Test.User0703","","az\Test.User0703","Automation Test User"
"Test.User0704","","az\Test.User0704","Automation Test User"
"Test.User0705","","az\Test.User0705","Automation Test User"
"Test.User0706","","az\Test.User0706","Automation Test User"
"Test.User0707","","az\Test.User0707","Automation Test User"
"Test.User0708","","az\Test.User0708","Automation Test User"
"Test.User0709","","az\Test.User0709","Automation Test User"
"Test.User0710","","az\Test.User0710","Automation Test User"
"Test.User0711","","az\Test.User0711","Automation Test User"
"Test.User0712","","az\Test.User0712","Automation Test User"
"Test.User0713","","az\Test.User0713","Automation Test User"
"Test.User0714","","az\Test.User0714","Automation Test User"
"Test.User0715","","az\Test.User0715","Automation Test User"
"Test.User0716","","az\Test.User0716","Automation Test User"
"Test.User0717","","az\Test.User0717","Automation Test User"
"Test.User0718","","az\Test.User0718","Automation Test User"
"Test.User0719","","az\Test.User0719","Automation Test User"
"Test.User0720","","az\Test.User0720","Automation Test User"
"Test.User0721","","az\Test.User0721","Automation Test User"
"Test.User0722","","az\Test.User0722","Automation Test User"
"Test.User0723","","az\Test.User0723","Automation Test User"
"Test.User0724","","az\Test.User0724","Automation Test User"
"Test.User0725","","az\Test.User0725","Automation Test User"
"Test.User0726","","az\Test.User0726","Automation Test User"
"Test.User0727","","az\Test.User0727","Automation Test User"
"Test.User0728","","az\Test.User0728","Automation Test User"
"Test.User0729","","az\Test.User0729","Automation Test User"
"Test.User0730","","az\Test.User0730","Automation Test User"
"Test.User0731","","az\Test.User0731","Automation Test User"
"Test.User0732","","az\Test.User0732","Automation Test User"
"Test.User0733","","az\Test.User0733","Automation Test User"
"Test.User0734","","az\Test.User0734","Automation Test User"
"Test.User0735","","az\Test.User0735","Automation Test User"
"Test.User0736","","az\Test.User0736","Automation Test User"
"Test.User0737","","az\Test.User0737","Automation Test User"
"Test.User0738","","az\Test.User0738","Automation Test User"
"Test.User0739","","az\Test.User0739","Automation Test User"
"Test.User0740","","az\Test.User0740","Automation Test User"
"Test.User0741","","az\Test.User0741","Automation Test User"
"Test.User0742","","az\Test.User0742","Automation Test User"
"Test.User0743","","az\Test.User0743","Automation Test User"
"Test.User0744","","az\Test.User0744","Automation Test User"
"Test.User0745","","az\Test.User0745","Automation Test User"
"Test.User0746","","az\Test.User0746","Automation Test User"
"Test.User0747","","az\Test.User0747","Automation Test User"
"Test.User0748","","az\Test.User0748","Automation Test User"
"Test.User0749","","az\Test.User0749","Automation Test User"
"Test.User0750","","az\Test.User0750","Automation Test User"
"Test.User0751","","az\Test.User0751","Automation Test User"
"Test.User0752","","az\Test.User0752","Automation Test User"
"Test.User0753","","az\Test.User0753","Automation Test User"
"Test.User0754","","az\Test.User0754","Automation Test User"
"Test.User0755","","az\Test.User0755","Automation Test User"
"Test.User0756","","az\Test.User0756","Automation Test User"
"Test.User0757","","az\Test.User0757","Automation Test User"
"Test.User0758","","az\Test.User0758","Automation Test User"
"Test.User0759","","az\Test.User0759","Automation Test User"
"Test.User0760","","az\Test.User0760","Automation Test User"
"Test.User0761","","az\Test.User0761","Automation Test User"
"Test.User0762","","az\Test.User0762","Automation Test User"
"Test.User0763","","az\Test.User0763","Automation Test User"
"Test.User0764","","az\Test.User0764","Automation Test User"
"Test.User0765","","az\Test.User0765","Automation Test User"
"Test.User0766","","az\Test.User0766","Automation Test User"
"Test.User0767","","az\Test.User0767","Automation Test User"
"Test.User0768","","az\Test.User0768","Automation Test User"
"Test.User0769","","az\Test.User0769","Automation Test User"
"Test.User0770","","az\Test.User0770","Automation Test User"
"Test.User0771","","az\Test.User0771","Automation Test User"
"Test.User0772","","az\Test.User0772","Automation Test User"
"Test.User0773","","az\Test.User0773","Automation Test User"
"Test.User0774","","az\Test.User0774","Automation Test User"
"Test.User0775","","az\Test.User0775","Automation Test User"
"Test.User0776","","az\Test.User0776","Automation Test User"
"Test.User0777","","az\Test.User0777","Automation Test User"
"Test.User0778","","az\Test.User0778","Automation Test User"
"Test.User0779","","az\Test.User0779","Automation Test User"
"Test.User0780","","az\Test.User0780","Automation Test User"
"Test.User0781","","az\Test.User0781","Automation Test User"
"Test.User0782","","az\Test.User0782","Automation Test User"
"Test.User0783","","az\Test.User0783","Automation Test User"
"Test.User0784","","az\Test.User0784","Automation Test User"
"Test.User0785","","az\Test.User0785","Automation Test User"
"Test.User0786","","az\Test.User0786","Automation Test User"
"Test.User0787","","az\Test.User0787","Automation Test User"
"Test.User0788","","az\Test.User0788","Automation Test User"
"Test.User0789","","az\Test.User0789","Automation Test User"
"Test.User0790","","az\Test.User0790","Automation Test User"
"Test.User0791","","az\Test.User0791","Automation Test User"
"Test.User0792","","az\Test.User0792","Automation Test User"
"Test.User0793","","az\Test.User0793","Automation Test User"
"Test.User0794","","az\Test.User0794","Automation Test User"
"Test.User0795","","az\Test.User0795","Automation Test User"
"Test.User0796","","az\Test.User0796","Automation Test User"
"Test.User0797","","az\Test.User0797","Automation Test User"
"Test.User0798","","az\Test.User0798","Automation Test User"
"Test.User0799","","az\Test.User0799","Automation Test User"
"Test.User0800","","az\Test.User0800","Automation Test User"
"Test.User0801","","az\Test.User0801","Automation Test User"
"Test.User0802","","az\Test.User0802","Automation Test User"
"Test.User0803","","az\Test.User0803","Automation Test User"
"Test.User0804","","az\Test.User0804","Automation Test User"
"Test.User0805","","az\Test.User0805","Automation Test User"
"Test.User0806","","az\Test.User0806","Automation Test User"
"Test.User0807","","az\Test.User0807","Automation Test User"
"Test.User0808","","az\Test.User0808","Automation Test User"
"Test.User0809","","az\Test.User0809","Automation Test User"
"Test.User0810","","az\Test.User0810","Automation Test User"
"Test.User0811","","az\Test.User0811","Automation Test User"
"Test.User0812","","az\Test.User0812","Automation Test User"
"Test.User0813","","az\Test.User0813","Automation Test User"
"Test.User0814","","az\Test.User0814","Automation Test User"
"Test.User0815","","az\Test.User0815","Automation Test User"
"Test.User0816","","az\Test.User0816","Automation Test User"
"Test.User0817","","az\Test.User0817","Automation Test User"
"Test.User0818","","az\Test.User0818","Automation Test User"
"Test.User0819","","az\Test.User0819","Automation Test User"
"Test.User0820","","az\Test.User0820","Automation Test User"
"Test.User0821","","az\Test.User0821","Automation Test User"
"Test.User0822","","az\Test.User0822","Automation Test User"
"Test.User0823","","az\Test.User0823","Automation Test User"
"Test.User0824","","az\Test.User0824","Automation Test User"
"Test.User0825","","az\Test.User0825","Automation Test User"
"Test.User0826","","az\Test.User0826","Automation Test User"
"Test.User0827","","az\Test.User0827","Automation Test User"
"Test.User0828","","az\Test.User0828","Automation Test User"
"Test.User0829","","az\Test.User0829","Automation Test User"
"Test.User0830","","az\Test.User0830","Automation Test User"
"Test.User0831","","az\Test.User0831","Automation Test User"
"Test.User0832","","az\Test.User0832","Automation Test User"
"Test.User0833","","az\Test.User0833","Automation Test User"
"Test.User0834","","az\Test.User0834","Automation Test User"
"Test.User0835","","az\Test.User0835","Automation Test User"
"Test.User0836","","az\Test.User0836","Automation Test User"
"Test.User0837","","az\Test.User0837","Automation Test User"
"Test.User0838","","az\Test.User0838","Automation Test User"
"Test.User0839","","az\Test.User0839","Automation Test User"
"Test.User0840","","az\Test.User0840","Automation Test User"
"Test.User0841","","az\Test.User0841","Automation Test User"
"Test.User0842","","az\Test.User0842","Automation Test User"
"Test.User0843","","az\Test.User0843","Automation Test User"
"Test.User0844","","az\Test.User0844","Automation Test User"
"Test.User0845","","az\Test.User0845","Automation Test User"
"Test.User0846","","az\Test.User0846","Automation Test User"
"Test.User0847","","az\Test.User0847","Automation Test User"
"Test.User0848","","az\Test.User0848","Automation Test User"
"Test.User0849","","az\Test.User0849","Automation Test User"
"Test.User0850","","az\Test.User0850","Automation Test User"
"Test.User0851","","az\Test.User0851","Automation Test User"
"Test.User0852","","az\Test.User0852","Automation Test User"
"Test.User0853","","az\Test.User0853","Automation Test User"
"Test.User0854","","az\Test.User0854","Automation Test User"
"Test.User0855","","az\Test.User0855","Automation Test User"
"Test.User0856","","az\Test.User0856","Automation Test User"
"Test.User0857","","az\Test.User0857","Automation Test User"
"Test.User0858","","az\Test.User0858","Automation Test User"
"Test.User0859","","az\Test.User0859","Automation Test User"
"Test.User0860","","az\Test.User0860","Automation Test User"
"Test.User0861","","az\Test.User0861","Automation Test User"
"Test.User0862","","az\Test.User0862","Automation Test User"
"Test.User0863","","az\Test.User0863","Automation Test User"
"Test.User0864","","az\Test.User0864","Automation Test User"
"Test.User0865","","az\Test.User0865","Automation Test User"
"Test.User0866","","az\Test.User0866","Automation Test User"
"Test.User0867","","az\Test.User0867","Automation Test User"
"Test.User0868","","az\Test.User0868","Automation Test User"
"Test.User0869","","az\Test.User0869","Automation Test User"
"Test.User0870","","az\Test.User0870","Automation Test User"
"Test.User0871","","az\Test.User0871","Automation Test User"
"Test.User0872","","az\Test.User0872","Automation Test User"
"Test.User0873","","az\Test.User0873","Automation Test User"
"Test.User0874","","az\Test.User0874","Automation Test User"
"Test.User0875","","az\Test.User0875","Automation Test User"
"Test.User0876","","az\Test.User0876","Automation Test User"
"Test.User0877","","az\Test.User0877","Automation Test User"
"Test.User0878","","az\Test.User0878","Automation Test User"
"Test.User0879","","az\Test.User0879","Automation Test User"
"Test.User0880","","az\Test.User0880","Automation Test User"
"Test.User0881","","az\Test.User0881","Automation Test User"
"Test.User0882","","az\Test.User0882","Automation Test User"
"Test.User0883","","az\Test.User0883","Automation Test User"
"Test.User0884","","az\Test.User0884","Automation Test User"
"Test.User0885","","az\Test.User0885","Automation Test User"
"Test.User0886","","az\Test.User0886","Automation Test User"
"Test.User0887","","az\Test.User0887","Automation Test User"
"Test.User0888","","az\Test.User0888","Automation Test User"
"Test.User0889","","az\Test.User0889","Automation Test User"
"Test.User0890","","az\Test.User0890","Automation Test User"
"Test.User0891","","az\Test.User0891","Automation Test User"
"Test.User0892","","az\Test.User0892","Automation Test User"
"Test.User0893","","az\Test.User0893","Automation Test User"
"Test.User0894","","az\Test.User0894","Automation Test User"
"Test.User0895","","az\Test.User0895","Automation Test User"
"Test.User0896","","az\Test.User0896","Automation Test User"
"Test.User0897","","az\Test.User0897","Automation Test User"
"Test.User0898","","az\Test.User0898","Automation Test User"
"Test.User0899","","az\Test.User0899","Automation Test User"
"Test.User0900","","az\Test.User0900","Automation Test User"
"Test.User0901","","az\Test.User0901","Automation Test User"
"Test.User0902","","az\Test.User0902","Automation Test User"
"Test.User0903","","az\Test.User0903","Automation Test User"
"Test.User0904","","az\Test.User0904","Automation Test User"
"Test.User0905","","az\Test.User0905","Automation Test User"
"Test.User0906","","az\Test.User0906","Automation Test User"
"Test.User0907","","az\Test.User0907","Automation Test User"
"Test.User0908","","az\Test.User0908","Automation Test User"
"Test.User0909","","az\Test.User0909","Automation Test User"
"Test.User0910","","az\Test.User0910","Automation Test User"
"Test.User0911","","az\Test.User0911","Automation Test User"
"Test.User0912","","az\Test.User0912","Automation Test User"
"Test.User0913","","az\Test.User0913","Automation Test User"
"Test.User0914","","az\Test.User0914","Automation Test User"
"Test.User0915","","az\Test.User0915","Automation Test User"
"Test.User0916","","az\Test.User0916","Automation Test User"
"Test.User0917","","az\Test.User0917","Automation Test User"
"Test.User0918","","az\Test.User0918","Automation Test User"
"Test.User0919","","az\Test.User0919","Automation Test User"
"Test.User0920","","az\Test.User0920","Automation Test User"
"Test.User0921","","az\Test.User0921","Automation Test User"
"Test.User0922","","az\Test.User0922","Automation Test User"
"Test.User0923","","az\Test.User0923","Automation Test User"
"Test.User0924","","az\Test.User0924","Automation Test User"
"Test.User0925","","az\Test.User0925","Automation Test User"
"Test.User0926","","az\Test.User0926","Automation Test User"
"Test.User0927","","az\Test.User0927","Automation Test User"
"Test.User0928","","az\Test.User0928","Automation Test User"
"Test.User0929","","az\Test.User0929","Automation Test User"
"Test.User0930","","az\Test.User0930","Automation Test User"
"Test.User0931","","az\Test.User0931","Automation Test User"
"Test.User0932","","az\Test.User0932","Automation Test User"
"Test.User0933","","az\Test.User0933","Automation Test User"
"Test.User0934","","az\Test.User0934","Automation Test User"
"Test.User0935","","az\Test.User0935","Automation Test User"
"Test.User0936","","az\Test.User0936","Automation Test User"
"Test.User0937","","az\Test.User0937","Automation Test User"
"Test.User0938","","az\Test.User0938","Automation Test User"
"Test.User0939","","az\Test.User0939","Automation Test User"
"Test.User0940","","az\Test.User0940","Automation Test User"
"Test.User0941","","az\Test.User0941","Automation Test User"
"Test.User0942","","az\Test.User0942","Automation Test User"
"Test.User0943","","az\Test.User0943","Automation Test User"
"Test.User0944","","az\Test.User0944","Automation Test User"
"Test.User0945","","az\Test.User0945","Automation Test User"
"Test.User0946","","az\Test.User0946","Automation Test User"
"Test.User0947","","az\Test.User0947","Automation Test User"
"Test.User0948","","az\Test.User0948","Automation Test User"
"Test.User0949","","az\Test.User0949","Automation Test User"
"Test.User0950","","az\Test.User0950","Automation Test User"
"Test.User0951","","az\Test.User0951","Automation Test User"
"Test.User0952","","az\Test.User0952","Automation Test User"
"Test.User0953","","az\Test.User0953","Automation Test User"
"Test.User0954","","az\Test.User0954","Automation Test User"
"Test.User0955","","az\Test.User0955","Automation Test User"
"Test.User0956","","az\Test.User0956","Automation Test User"
"Test.User0957","","az\Test.User0957","Automation Test User"
"Test.User0958","","az\Test.User0958","Automation Test User"
"Test.User0959","","az\Test.User0959","Automation Test User"
"Test.User0960","","az\Test.User0960","Automation Test User"
"Test.User0961","","az\Test.User0961","Automation Test User"
"Test.User0962","","az\Test.User0962","Automation Test User"
"Test.User0963","","az\Test.User0963","Automation Test User"
"Test.User0964","","az\Test.User0964","Automation Test User"
"Test.User0965","","az\Test.User0965","Automation Test User"
"Test.User0966","","az\Test.User0966","Automation Test User"
"Test.User0967","","az\Test.User0967","Automation Test User"
"Test.User0968","","az\Test.User0968","Automation Test User"
"Test.User0969","","az\Test.User0969","Automation Test User"
"Test.User0970","","az\Test.User0970","Automation Test User"
"Test.User0971","","az\Test.User0971","Automation Test User"
"Test.User0972","","az\Test.User0972","Automation Test User"
"Test.User0973","","az\Test.User0973","Automation Test User"
"Test.User0974","","az\Test.User0974","Automation Test User"
"Test.User0975","","az\Test.User0975","Automation Test User"
"Test.User0976","","az\Test.User0976","Automation Test User"
"Test.User0977","","az\Test.User0977","Automation Test User"
"Test.User0978","","az\Test.User0978","Automation Test User"
"Test.User0979","","az\Test.User0979","Automation Test User"
"Test.User0980","","az\Test.User0980","Automation Test User"
"Test.User0981","","az\Test.User0981","Automation Test User"
"Test.User0982","","az\Test.User0982","Automation Test User"
"Test.User0983","","az\Test.User0983","Automation Test User"
"Test.User0984","","az\Test.User0984","Automation Test User"
"Test.User0985","","az\Test.User0985","Automation Test User"
"Test.User0986","","az\Test.User0986","Automation Test User"
"Test.User0987","","az\Test.User0987","Automation Test User"
"Test.User0988","","az\Test.User0988","Automation Test User"
"Test.User0989","","az\Test.User0989","Automation Test User"
"Test.User0990","","az\Test.User0990","Automation Test User"
"Test.User0991","","az\Test.User0991","Automation Test User"
"Test.User0992","","az\Test.User0992","Automation Test User"
"Test.User0993","","az\Test.User0993","Automation Test User"
"Test.User0994","","az\Test.User0994","Automation Test User"
"Test.User0995","","az\Test.User0995","Automation Test User"
"Test.User0996","","az\Test.User0996","Automation Test User"
"Test.User0997","","az\Test.User0997","Automation Test User"
"Test.User0998","","az\Test.User0998","Automation Test User"
"Test.User0999","","az\Test.User0999","Automation Test User"
"Test.User1000","","az\Test.User1000","Automation Test User"
